no,food_name,food_group,food_category,cuisine
1,누룬밥,밥류,쌀밥류,한식
2,누룽지,밥류,쌀밥류,한식
3,쌀밥,밥류,쌀밥류,한식
4,찰밥,밥류,쌀밥류,한식
5,현미밥,밥류,잡곡밥류,한식
6,흑미밥,밥류,잡곡밥류,한식
7,강낭콩밥,밥류,잡곡밥류,한식
8,녹두밥,밥류,잡곡밥류,한식
9,밤밥,밥류,잡곡밥류,한식
10,밤팥밥,밥류,잡곡밥류,한식
11,보리밥,밥류,잡곡밥류,한식
12,수수밥,밥류,잡곡밥류,한식
13,오곡밥,밥류,잡곡밥류,한식
14,옥수수밥,밥류,잡곡밥류,한식
15,완두콩밥,밥류,잡곡밥류,한식
16,율무밥,밥류,잡곡밥류,한식
17,잡곡밥,밥류,잡곡밥류,한식
18,조밥,밥류,잡곡밥류,한식
19,차수수밥,밥류,잡곡밥류,한식
20,차조밥,밥류,잡곡밥류,한식
21,콩밥,밥류,잡곡밥류,한식
22,팥밥,밥류,잡곡밥류,한식
23,기장잡곡밥,밥류,잡곡밥류,한식
24,쑥쌀잡곡밥,밥류,잡곡밥류,한식
25,귀리밥,밥류,잡곡밥류,한식
26,감자밥,밥류,쌀밥류,한식
27,고구마밥,밥류,쌀밥류,한식
28,야채밥,밥류,쌀밥류,한식
29,영양밥(돌솥밥),밥류,쌀밥류,한식
30,콩나물밥,밥류,쌀밥류,한식
31,연잎밥,밥류,쌀밥류,한식
32,은행밥,밥류,쌀밥류,한식
33,곤드레밥,밥류,쌀밥류,한식
34,시래기밥,밥류,쌀밥류,한식
35,무밥,밥류,쌀밥류,한식
36,김치볶음밥,밥류,볶음밥류,한식
37,야채볶음밥,밥류,볶음밥류,한식
38,비빔밥,밥류,비빔밥류,한식
39,새우볶음밥,밥류,볶음밥류,한식
40,쇠고기볶음밥,밥류,볶음밥류,한식
41,열무비빔밥,밥류,비빔밥류,한식
42,오므라이스,밥류,볶음밥류,일식
43,참치볶음밥,밥류,볶음밥류,한식
44,콩나물비빔밥,밥류,비빔밥류,한식
45,새우필라프,밥류,볶음밥류,양식
46,햄필라프,밥류,볶음밥류,양식
47,강된장비빔밥,밥류,비빔밥류,한식
48,해물볶음밥,밥류,볶음밥류,한식
49,낙지볶음밥,밥류,볶음밥류,한식
50,목살필라프,밥류,볶음밥류,양식
51,꼬막비빔밥,밥류,비빔밥류,한식
52,아보카도명란비빔밥,밥류,비빔밥류,한식
53,쭈꾸미미나리볶음밥,밥류,볶음밥류,한식
54,돌솥비빔밥,밥류,비빔밥류,한식
55,육회비빔밥,밥류,비빔밥류,한식
56,햄계란볶음밥,밥류,볶음밥류,한식
57,쇠고기주먹밥,밥류,주먹밥,한식
58,리조또,밥류,기타밥류,양식
59,해물빠에야,밥류,기타밥류,양식
60,전복톳밥,밥류,쌀밥류,한식
61,파인애플볶음밥,밥류,볶음밥류,아시아
62,국밥,덮밥·국밥류,국밥류,한식
63,계란덮밥,덮밥·국밥류,덮밥류,한식
64,닭고기덮밥,덮밥·국밥류,덮밥류,한식
65,돈육카레라이스,덮밥·국밥류,카레라이스,일식
66,두부덮밥,덮밥·국밥류,덮밥류,한식
67,두부카레라이스,덮밥·국밥류,카레라이스,일식
68,버섯덮밥,덮밥·국밥류,덮밥류,한식
69,쇠고기야채덮밥,덮밥·국밥류,덮밥류,한식
70,순대국밥,덮밥·국밥류,국밥류,한식
71,오징어덮밥,덮밥·국밥류,덮밥류,한식
72,잡채밥,덮밥·국밥류,덮밥류,한식
73,잡탕밥,덮밥·국밥류,덮밥류,중식
74,짜장밥,덮밥·국밥류,덮밥류,중식
75,참치회덮밥,덮밥·국밥류,덮밥류,한식
76,한치회덮밥,덮밥·국밥류,덮밥류,한식
77,해물덮밥,덮밥·국밥류,덮밥류,한식
78,불고기덮밥,덮밥·국밥류,덮밥류,한식
79,제육덮밥,덮밥·국밥류,덮밥류,한식
80,참치덮밥,덮밥·국밥류,덮밥류,한식
81,회덮밥,덮밥·국밥류,덮밥류,한식
82,알밥,덮밥·국밥류,덮밥류,한식
83,돼지머리국밥,덮밥·국밥류,국밥류,한식
84,굴국밥,덮밥·국밥류,국밥류,한식
85,오징어카레라이스,덮밥·국밥류,카레라이스,일식
86,하이라이스,덮밥·국밥류,카레라이스,일식
87,김치국밥,덮밥·국밥류,국밥류,한식
88,콩나물국밥,덮밥·국밥류,국밥류,한식
89,짬뽕밥,덮밥·국밥류,덮밥류,중식
90,연어덮밥,덮밥·국밥류,덮밥류,한식
91,야채카레라이스,덮밥·국밥류,카레라이스,일식
92,닭고기카레라이스,덮밥·국밥류,카레라이스,일식
93,쇠고기카레라이스,덮밥·국밥류,카레라이스,일식
94,소머리국밥,덮밥·국밥류,국밥류,한식
95,어향가지덮밥,덮밥·국밥류,덮밥류,중식
96,부타동(간장돼지고기덮밥),덮밥·국밥류,덮밥류,일식
97,텐동(튀김덮밥),덮밥·국밥류,덮밥류,일식
98,에비동(새우튀김덮밥),덮밥·국밥류,덮밥류,일식
99,낙지덮밥,덮밥·국밥류,덮밥류,한식
100,쇠고기덮밥,덮밥·국밥류,덮밥류,한식
101,도토리묵밥,밥류,기타밥류,한식
102,치킨마요덮밥,덮밥·국밥류,덮밥류,한식
103,김밥,밥류,김밥,한식
104,김초밥,밥류,김밥,한식
105,생선초밥,밥류,초밥,일식
106,유부초밥,밥류,초밥,일식
107,김치김밥,밥류,김밥,한식
108,샐러드김밥,밥류,김밥,한식
109,소고기김밥,밥류,김밥,한식
110,참치김밥(완),밥류,김밥,한식
111,고추장불고기삼각김밥,밥류,김밥,한식
112,숯불갈비삼각김밥,밥류,김밥,한식
113,참치마요삼각김밥,밥류,김밥,한식
114,광어초밥,밥류,초밥,일식
115,모듬초밥,밥류,초밥,일식
116,참치고추김밥,밥류,김밥,한식
117,두부유부초밥,밥류,초밥,일식
118,치즈김밥,밥류,김밥,한식
119,날치알김밥,밥류,김밥,한식
120,돈까스김밥,밥류,김밥,한식
121,고추김밥,밥류,김밥,한식
122,쇠고기김밥,밥류,김밥,한식
123,참치김밥,밥류,김밥,한식
124,묵은지김밥,밥류,김밥,한식
125,유부김밥,밥류,김밥,한식
126,멸치김밥,밥류,김밥,한식
127,참치마요김밥,밥류,김밥,한식
128,건포도빵,빵·과자류,빵류,양식
129,고로케,빵·과자류,빵류,양식
130,곰보빵(소보로),빵·과자류,빵류,양식
131,데니쉬페이스트리(과일),빵·과자류,빵류,양식
132,데니쉬페이스트리(시나몬),빵·과자류,빵류,양식
133,데니쉬페이스트리(치즈),빵·과자류,빵류,양식
134,도우넛(링),빵·과자류,빵류,양식
135,도우넛(팥),빵·과자류,빵류,양식
136,롤빵(소프트롤),빵·과자류,빵류,양식
137,롤빵(하드롤),빵·과자류,빵류,양식
138,머핀,빵·과자류,빵류,양식
139,모카빵,빵·과자류,빵류,양식
140,바게뜨빵,빵·과자류,빵류,양식
141,버리토,빵·과자류,패스트푸드,양식
142,베이글,빵·과자류,빵류,양식
143,블란서빵,빵·과자류,빵류,양식
144,비스켓,빵·과자류,과자류,양식
145,비스켓(KFC),빵·과자류,과자류,양식
146,샌드위치(계란치즈),빵·과자류,샌드위치,양식
147,샌드위치(로스트비프),빵·과자류,샌드위치,양식
148,샌드위치(생선),빵·과자류,샌드위치,양식
149,샌드위치(치킨),빵·과자류,샌드위치,양식
150,샌드위치(햄치즈),빵·과자류,샌드위치,양식
151,슈크림,빵·과자류,빵류,양식
152,식빵,빵·과자류,빵류,양식
153,엔칠라다,빵·과자류,패스트푸드,양식
154,옥수수빵,빵·과자류,빵류,양식
155,와플,빵·과자류,빵류,양식
156,잉글리쉬머핀,빵·과자류,빵류,양식
157,쨈빵,빵·과자류,빵류,양식
158,찐빵(고기),빵·과자류,빵류,한식
159,찐빵(팥),빵·과자류,빵류,한식
160,초코파이,빵·과자류,과자류,양식
161,카스테라,빵·과자류,빵류,양식
162,커스터드,빵·과자류,빵류,양식
163,당근케이크,빵·과자류,케이크,양식
164,롤케이크,빵·과자류,케이크,양식
165,바나나케이크,빵·과자류,케이크,양식
166,생크림케이크,빵·과자류,케이크,양식
167,쇼트케이크,빵·과자류,케이크,양식
168,스폰지케이크,빵·과자류,케이크,양식
169,엔젤케이크,빵·과자류,케이크,양식
170,초코케이크,빵·과자류,케이크,양식
171,치즈케이크,빵·과자류,케이크,양식
172,컵케이크,빵·과자류,케이크,양식
173,파운드케이크,빵·과자류,케이크,양식
174,후르트케이크,빵·과자류,케이크,양식
175,크로쌍,빵·과자류,빵류,양식
176,크로쌍(계란치즈),빵·과자류,빵류,양식
177,크로쌍(버터),빵·과자류,빵류,양식
178,크림빵,빵·과자류,빵류,양식
179,타코,빵·과자류,패스트푸드,양식
180,토스트,빵·과자류,빵류,양식
181,고구마파이,빵·과자류,파이,양식
182,딸기파이,빵·과자류,파이,양식
183,블랙베리파이,빵·과자류,파이,양식
184,블루베리파이,빵·과자류,파이,양식
185,사과파이,빵·과자류,파이,양식
186,애플파이,빵·과자류,파이,양식
187,체리파이,빵·과자류,파이,양식
188,파인애플파이,빵·과자류,파이,양식
189,피칸파이,빵·과자류,파이,양식
190,호박파이,빵·과자류,파이,양식
191,팥빵,빵·과자류,빵류,양식
192,패스트리,빵·과자류,빵류,양식
193,푸딩(커스터드),빵·과자류,디저트,양식
194,피자,빵·과자류,패스트푸드,양식
195,피자(디럭스),빵·과자류,패스트푸드,양식
196,피자(소시지),빵·과자류,패스트푸드,양식
197,피자(쇠고기),빵·과자류,패스트푸드,양식
198,피자(슈프림),빵·과자류,패스트푸드,양식
199,피자(씬크리스피),빵·과자류,패스트푸드,양식
200,피자(치즈),빵·과자류,패스트푸드,양식
201,피자(슈퍼슈프림),빵·과자류,패스트푸드,양식
202,피자(씬크리스피슈퍼슈프림),빵·과자류,패스트푸드,양식
203,피자(씬크리스피슈프림),빵·과자류,패스트푸드,양식
204,피자(씬크리스피치즈),빵·과자류,패스트푸드,양식
205,피자(씬크리스피페퍼로니),빵·과자류,패스트푸드,양식
206,피자(야채),빵·과자류,패스트푸드,양식
207,피자(치즈),빵·과자류,패스트푸드,양식
208,피자(치즈쇠고기야채),빵·과자류,패스트푸드,양식
209,피자(콤비네이션),빵·과자류,패스트푸드,양식
210,피자(크러스트슈퍼슈프림),빵·과자류,패스트푸드,양식
211,피자(크러스트슈프림),빵·과자류,패스트푸드,양식
212,피자(크러스트치즈),빵·과자류,패스트푸드,양식
213,피자(크러스트페퍼로니),빵·과자류,패스트푸드,양식
214,피자(팬슈프림),빵·과자류,패스트푸드,양식
215,피자(팬치즈),빵·과자류,패스트푸드,양식
216,피자(팬페퍼로니),빵·과자류,패스트푸드,양식
217,피자(팬슈퍼슈프림),빵·과자류,패스트푸드,양식
218,피자(페퍼로니),빵·과자류,패스트푸드,양식
219,핫도그,빵·과자류,패스트푸드,양식
220,핫도그(칠리),빵·과자류,패스트푸드,양식
221,핫케익,빵·과자류,빵류,양식
222,햄버거(로이로저스),빵·과자류,패스트푸드,양식
223,햄버거(맥도날드),빵·과자류,패스트푸드,양식
224,햄버거(버거킹),빵·과자류,패스트푸드,양식
225,햄버거,빵·과자류,패스트푸드,양식
226,더블버거,빵·과자류,패스트푸드,양식
227,더블와퍼,빵·과자류,패스트푸드,양식
228,더블치즈와퍼,빵·과자류,패스트푸드,양식
229,로스트비프버거,빵·과자류,패스트푸드,양식
230,맥디엘티,빵·과자류,패스트푸드,양식
231,바버거,빵·과자류,패스트푸드,양식
232,베이컨치즈버거,빵·과자류,패스트푸드,양식
233,와퍼샌드위치,빵·과자류,패스트푸드,양식
234,와퍼주니어,빵·과자류,패스트푸드,양식
235,와퍼주니어치즈,빵·과자류,패스트푸드,양식
236,치즈버거,빵·과자류,패스트푸드,양식
237,치킨샌드위치,빵·과자류,패스트푸드,양식
238,쿼터파운더치즈,빵·과자류,패스트푸드,양식
239,크로상샌드위치,빵·과자류,패스트푸드,양식
240,햄치즈샌드위치,빵·과자류,패스트푸드,양식
241,호밀빵,빵·과자류,빵류,양식
242,프렌치토스트,빵·과자류,빵류,양식
243,꽈배기빵,빵·과자류,빵류,양식
244,이스트도넛,빵·과자류,빵류,양식
245,케이크도넛,빵·과자류,빵류,양식
246,찹쌀도넛,빵·과자류,빵류,양식
247,밤만주,빵·과자류,빵류,양식
248,모닝빵,빵·과자류,빵류,양식
249,베이글(계란),빵·과자류,빵류,양식
250,브레드스틱,빵·과자류,빵류,양식
251,비스켓(버거킹),빵·과자류,과자류,양식
252,옥수수식빵,빵·과자류,빵류,양식
253,우유식빵,빵·과자류,빵류,양식
254,프렌치토스트,빵·과자류,빵류,양식
255,오징어버거,빵·과자류,패스트푸드,양식
256,와플(쨈),빵·과자류,빵류,양식
257,와플(커스터드),빵·과자류,빵류,양식
258,단호박찐빵,빵·과자류,빵류,한식
259,감카스테라,빵·과자류,빵류,양식
260,배케이크,빵·과자류,케이크,양식
261,크로켓,빵·과자류,빵류,양식
262,감자크로켓,빵·과자류,빵류,양식
263,야채크로켓,빵·과자류,빵류,양식
264,크림크로켓,빵·과자류,빵류,양식
265,치즈크러스트피자,빵·과자류,패스트푸드,양식
266,치킨슈프림피자,빵·과자류,패스트푸드,양식
267,고기호빵,빵·과자류,빵류,한식
268,야채호빵,빵·과자류,빵류,한식
269,팥호빵,빵·과자류,빵류,한식
270,닭고기샌드위치,빵·과자류,샌드위치,양식
271,치킨샌드위치(KFC),빵·과자류,샌드위치,양식
272,BK브로일러치킨샌드위치,빵·과자류,샌드위치,양식
273,로스트비프샌드위치,빵·과자류,샌드위치,양식
274,햄샌드위치,빵·과자류,샌드위치,양식
275,볼로냐샌드위치,빵·과자류,샌드위치,양식
276,데리버거,빵·과자류,패스트푸드,양식
277,리브샌드,빵·과자류,패스트푸드,양식
278,불고기버거,빵·과자류,패스트푸드,양식
279,BB버거,빵·과자류,패스트푸드,양식
280,베이컨더블치즈버거,빵·과자류,패스트푸드,양식
281,치즈버거(롯데리아),빵·과자류,패스트푸드,양식
282,더블치즈버거,빵·과자류,패스트푸드,양식
283,더블치즈버거(버거킹),빵·과자류,패스트푸드,양식
284,빅킹샌드위치,빵·과자류,패스트푸드,양식
285,치킨버거,빵·과자류,패스트푸드,양식
286,쉑버거,빵·과자류,패스트푸드,양식
287,치킨치즈샌드위치,빵·과자류,샌드위치,양식
288,쿼터파운더,빵·과자류,패스트푸드,양식
289,참치샌드위치,빵·과자류,샌드위치,양식
290,BK빅피쉬샌드위치,빵·과자류,샌드위치,양식
291,휘쉬버거,빵·과자류,패스트푸드,양식
292,새우버거,빵·과자류,패스트푸드,양식
293,휘시필레버거,빵·과자류,패스트푸드,양식
294,감자빵,빵·과자류,빵류,양식
295,양파빵,빵·과자류,빵류,양식
296,쌀빵,빵·과자류,빵류,양식
297,치즈빵,빵·과자류,빵류,양식
298,호두과자,빵·과자류,빵류,한식
299,레몬마들렌,빵·과자류,빵류,양식
300,붕어빵,빵·과자류,빵류,한식
301,오징어버거,빵·과자류,패스트푸드,양식
302,감자빵,빵·과자류,빵류,양식
303,양파빵,빵·과자류,빵류,양식
304,쌀빵,빵·과자류,빵류,양식
305,치즈빵,빵·과자류,빵류,양식
306,호두과자,빵·과자류,빵류,한식
307,레몬마들렌,빵·과자류,빵류,양식
308,붕어빵,빵·과자류,빵류,한식
309,슈크림붕어빵,빵·과자류,빵류,한식
310,타코야끼,빵·과자류,기타,일식
311,B.L.T.샌드위치,빵·과자류,샌드위치,양식
312,베이글,빵·과자류,빵류,양식
313,츄러스,빵·과자류,빵류,양식
314,피자빵,빵·과자류,빵류,양식
315,호떡,빵·과자류,빵류,한식
316,고르곤졸라피자,빵·과자류,패스트푸드,양식
317,마르게리타피자,빵·과자류,패스트푸드,양식
318,감자스낵,과자류,스낵,양식
319,프링글즈,과자류,스낵,양식
320,강정(들깨),과자류,한과,한식
321,강정(땅콩),과자류,한과,한식
322,강정(보리),과자류,한과,한식
323,강정(쌀),과자류,한과,한식
324,강정(엿),과자류,한과,한식
325,강정(콩),과자류,한과,한식
326,건빵,과자류,과자,한식
327,꼬깔콘,과자류,스낵,양식
328,마가렛트,과자류,과자,양식
329,버터쿠키,과자류,과자,양식
330,빠다코코넛,과자류,과자,양식
331,애플잼과자,과자류,과자,양식
332,엄마손파이,과자류,과자,양식
333,젝크,과자류,과자,양식
334,쵸이스,과자류,과자,양식
335,쵸코칩쿠키,과자류,과자,양식
336,커스터드과자,과자류,과자,양식
337,프레즐,과자류,과자,양식
338,하비스트,과자류,과자,양식
339,나쵸,과자류,스낵,양식
340,모나카,과자류,과자,일식
341,비스켓,과자류,과자,양식
342,산자,과자류,한과,한식
343,센베이,과자류,한과,일식
344,스낵(나쵸),과자류,스낵,양식
345,스낵(밀가루),과자류,스낵,양식
346,스낵(새우),과자류,스낵,양식
347,스낵(콘칩),과자류,스낵,양식
348,웨하스(바닐라),과자류,과자,양식
349,유과(찹쌀),과자류,한과,한식
350,유과(콩),과자류,한과,한식
351,전병(김),과자류,한과,한식
352,전병(찹쌀),과자류,한과,한식
353,치즈나쵸,과자류,스낵,양식
354,쿠키,과자류,과자,양식
355,쿠키(땅콩버터),과자류,과자,양식
356,크래커,과자류,과자,양식
357,크래커(땅콩샌드),과자류,과자,양식
358,크래커(치즈샌드),과자류,과자,양식
359,다식(검정깨),과자류,한과,한식
360,다식(송화),과자류,한과,한식
361,약과,과자류,한과,한식
362,참깨강정,과자류,한과,한식
363,찹쌀산자,과자류,한과,한식
364,다이제,과자류,과자,양식
365,소프트비스켓,과자류,과자,양식
366,하드비스켓,과자류,과자,양식
367,다이제초코,과자류,과자,양식
368,브라우닝비스켓,과자류,과자,양식
369,빈츠,과자류,과자,양식
370,샤브레,과자류,과자,양식
371,웨하스(딸기),과자류,과자,양식
372,쿠크다스화이트,과자류,과자,양식
373,이츠초코,과자류,과자,양식
374,고래밥(매콤),과자류,스낵,한식
375,고래밥(볶음),과자류,스낵,한식
376,왕소라형과자,과자류,스낵,한식
377,꽃게랑,과자류,스낵,한식
378,꿀꽈배기,과자류,스낵,한식
379,맛동산,과자류,스낵,한식
380,바나나킥,과자류,스낵,한식
381,새우깡,과자류,스낵,한식
382,스모키베이컨칩,과자류,스낵,양식
383,썬칩,과자류,스낵,양식
384,야채타임,과자류,스낵,한식
385,엑서스,과자류,스낵,양식
386,오징어땅콩,과자류,스낵,한식
387,옥수수스낵,과자류,스낵,한식
388,자키자키,과자류,스낵,한식
389,치토스,과자류,스낵,양식
390,양파링,과자류,스낵,양식
391,포카칩,과자류,스낵,한식
392,쌀과자,과자류,과자,한식
393,튀김쌀과자,과자류,과자,한식
394,웨하스(감귤),과자류,과자,양식
395,웨하스(크림),과자류,과자,양식
396,칙촉,과자류,과자,한식
397,아몬드빼빼로,과자류,과자,양식
398,튀밥,과자류,과자,한식
399,몽쉘통통,과자류,과자,양식
400,사과파이(설탕16g),과자류,과자,양식
401,애플잼쿠키,과자류,과자,양식
402,오예스,과자류,과자,한식
403,초코파이,과자류,과자,한식
404,국수장국,면·만두류,국수,한식
405,닭칼국수,면·만두류,면류,한식
406,도토리국수,면·만두류,면류,한식
407,라면,면·만두류,면류,한식
408,메밀국수,면·만두류,면류,한식
409,물냉면,면·만두류,면류,한식
410,비빔국수,면·만두류,면류,한식
411,비빔냉면,면·만두류,면류,한식
412,컵라면(대),면·만두류,면류,한식
413,수제비,면·만두류,수제비,한식
414,스파게티,면·만두류,파스타,양식
415,미트볼스파게티,면·만두류,파스타,양식
416,봉골레스파게티,면·만두류,파스타,양식
417,토마토스파게티,면·만두류,파스타,양식
418,크림스파게티,면·만두류,파스타,양식
419,로제스파게티,면·만두류,파스타,양식
420,팟타이,면·만두류,면류,아시아
421,고기만두,면·만두류,만두류,한식
422,군만두,면·만두류,만두류,한식
423,김치만두,면·만두류,만두류,한식
424,김치만두국,면·만두류,만두류,한식
425,떡만두국,면·만두류,만두류,한식
426,만두국,면·만두류,만두류,한식
427,물만두,면·만두류,만두류,한식
428,비빔만두,면·만두류,만두류,한식
429,찐만두,면·만두류,만두류,한식
430,튀김만두,면·만두류,만두류,한식
431,사골만두국,면·만두류,만두류,한식
432,월남쌈,기타,기타,아시아
433,감자죽,죽·스프류,죽류,한식
434,고기죽,죽·스프류,죽류,한식
435,깨죽,죽·스프류,죽류,한식
436,단팥죽,죽·스프류,죽류,한식
437,닭죽,죽·스프류,죽류,한식
438,버섯죽,죽·스프류,죽류,한식
439,새우죽,죽·스프류,죽류,한식
440,수수죽,죽·스프류,죽류,한식
441,야채죽,죽·스프류,죽류,한식
442,잣죽,죽·스프류,죽류,한식
443,전복죽,죽·스프류,죽류,한식
444,율무죽,죽·스프류,죽류,한식
445,흰죽,죽·스프류,죽류,한식
446,팥죽,죽·스프류,죽류,한식
447,호박죽,죽·스프류,죽류,한식
448,옥수수죽,죽·스프류,죽류,한식
449,미음,죽·스프류,죽류,한식
450,참치죽,죽·스프류,죽류,한식
451,게살죽,죽·스프류,죽류,한식
452,쇠고기버섯죽,죽·스프류,죽류,한식
453,대합죽,죽·스프류,죽류,한식
454,감자범벅,죽·스프류,기타,한식
455,녹두죽,죽·스프류,죽류,한식
456,땅콩죽,죽·스프류,죽류,한식
457,홍합죽,죽·스프류,죽류,한식
458,복어죽,죽·스프류,죽류,한식
459,오리죽,죽·스프류,죽류,한식
460,굴죽,죽·스프류,죽류,한식
461,매생이죽,죽·스프류,죽류,한식
462,어죽,죽·스프류,죽류,한식
463,검정깨죽,죽·스프류,죽류,한식
464,쇠고기스프,죽·스프류,스프,양식
465,콩소메스프,죽·스프류,스프,양식
466,아스파라거스크림스프,죽·스프류,스프,양식
467,쇠고기야채스프,죽·스프류,스프,양식
468,양송이스프,죽·스프류,스프,양식
469,양파스프,죽·스프류,스프,양식
470,크림스프,죽·스프류,스프,양식
471,감자국,국·탕류,맑은국류,한식
472,감자당면국,국·탕류,맑은국류,한식
473,감자미역국,국·탕류,맑은국류,한식
474,감자수제비국,국·탕류,맑은국류,한식
475,감자어묵국,국·탕류,맑은국류,한식
476,감자호박국,국·탕류,맑은국류,한식
477,건새우미역국,국·탕류,맑은국류,한식
478,계란국,국·탕류,맑은국류,한식
479,계란파국,국·탕류,맑은국류,한식
480,김당면국,국·탕류,맑은국류,한식
481,김치국,국·탕류,맑은국류,한식
482,김치무국,국·탕류,맑은국류,한식
483,김치수제비국,국·탕류,맑은국류,한식
484,김치콩나물국,국·탕류,맑은국류,한식
485,다시멸치미역국,국·탕류,맑은국류,한식
486,당면국,국·탕류,맑은국류,한식
487,대구국,국·탕류,맑은국류,한식
488,대합미역국,국·탕류,맑은국류,한식
489,대합찜국,국·탕류,맑은국류,한식
490,동태국,국·탕류,맑은국류,한식
491,두부계란탕,국·탕류,맑은국류,한식
492,두부김치국,국·탕류,맑은국류,한식
493,두부어묵새우젓국,국·탕류,맑은국류,한식
494,떡국,국·탕류,맑은국류,한식
495,떡어묵국,국·탕류,맑은국류,한식
496,모시조개국,국·탕류,맑은국류,한식
497,무국,국·탕류,맑은국류,한식
498,무새우젓국,국·탕류,맑은국류,한식
499,무채어묵국,국·탕류,맑은국류,한식
500,쇠고기미역국,국·탕류,맑은국류,한식
501,버섯국,국·탕류,맑은국류,한식
502,북어계란국,국·탕류,맑은국류,한식
503,북어국,국·탕류,맑은국류,한식
504,북어콩나물국,국·탕류,맑은국류,한식
505,새우젓호박국,국·탕류,맑은국류,한식
506,쇠고기국,국·탕류,맑은국류,한식
507,쇠고기두부국,국·탕류,맑은국류,한식
508,쇠고기무국,국·탕류,맑은국류,한식
509,쇠고기콩나물국,국·탕류,맑은국류,한식
510,어묵국,국·탕류,맑은국류,한식
511,오징어국,국·탕류,맑은국류,한식
512,오징어무국,국·탕류,맑은국류,한식
513,유부국,국·탕류,맑은국류,한식
514,조개국,국·탕류,맑은국류,한식
515,조개살두부국,국·탕류,맑은국류,한식
516,조개살배추국,국·탕류,맑은국류,한식
517,참치김치국,국·탕류,맑은국류,한식
518,참치미역국,국·탕류,맑은국류,한식
519,콩나물국,국·탕류,맑은국류,한식
520,콩나물무채국,국·탕류,맑은국류,한식
521,토란국,국·탕류,맑은국류,한식
522,표고버섯북어국,국·탕류,맑은국류,한식
523,호박새우젓국,국·탕류,맑은국류,한식
524,홍합무국,국·탕류,맑은국류,한식
525,홍합미역국,국·탕류,맑은국류,한식
526,갈치국,국·탕류,맑은국류,한식
527,옥돔국,국·탕류,맑은국류,한식
528,보말국,국·탕류,맑은국류,한식
529,굴국,국·탕류,맑은국류,한식
530,김국,국·탕류,맑은국류,한식
531,들깨감자국,국·탕류,된장국류,한식
532,매생이국,국·탕류,된장국류,한식
533,배추들깨국,국·탕류,된장국류,한식
534,메밀묵국,국·탕류,된장국류,한식
535,청포묵국,국·탕류,된장국류,한식
536,채소국,국·탕류,된장국류,한식
537,버섯우엉들깨탕국,국·탕류,된장국류,한식
538,곰치국,국·탕류,어패류국,한식
539,황태국,국·탕류,어패류국,한식
540,미역국,국·탕류,어패류국,한식
541,성게국,국·탕류,어패류국,한식
542,바지락미역국,국·탕류,어패류국,한식
543,시금치계란국,국·탕류,맑은국류,한식
544,도다리쑥국,국·탕류,어패류국,한식
545,쇠고기맑은배추국,국·탕류,맑은국류,한식
546,순두부달걀탕,국·탕류,맑은국류,한식
547,다시멸치무국,국·탕류,맑은국류,한식
548,버섯들깨탕국,국·탕류,된장국류,한식
549,순두부백탕국,국·탕류,맑은국류,한식
550,머위새우국,국·탕류,맑은국류,한식
551,바지락맑은국,국·탕류,맑은국류,한식
552,들깨토란탕국,국·탕류,된장국류,한식
553,감자고비된장국,국·탕류,된장국류,한식
554,감자된장국,국·탕류,된장국류,한식
555,감자두부된장국,국·탕류,된장국류,한식
556,건새우아욱국,국·탕류,된장국류,한식
557,근대된장국,국·탕류,된장국류,한식
558,근대조개국,국·탕류,된장국류,한식
559,꽃게된장국,국·탕류,된장국류,한식
560,냉이된장국,국·탕류,된장국류,한식
561,단배추된장국,국·탕류,된장국류,한식
562,달래된장국,국·탕류,된장국류,한식
563,두부된장국,국·탕류,된장국류,한식
564,시금치조개국,국·탕류,된장국류,한식
565,무된장국,국·탕류,된장국류,한식
566,미역된장국,국·탕류,된장국류,한식
567,바지락냉이토장국,국·탕류,된장국류,한식
568,배추된장국,국·탕류,된장국류,한식
569,얼갈이국,국·탕류,된장국류,한식
570,시금치된장국,국·탕류,된장국류,한식
571,시래기된장국,국·탕류,된장국류,한식
572,쑥국,국·탕류,된장국류,한식
573,아욱국,국·탕류,된장국류,한식
574,열무감자국,국·탕류,된장국류,한식
575,열무두부국,국·탕류,된장국류,한식
576,왜된장국,국·탕류,된장국류,한식
577,우거지국,국·탕류,된장국류,한식
578,재치조개국,국·탕류,된장국류,한식
579,조개된장국,국·탕류,된장국류,한식
580,콩나물된장국,국·탕류,된장국류,한식
581,해물된장국,국·탕류,된장국류,한식
582,호박달래찌개,찌개류,된장찌개류,한식
583,호박된장찌개,찌개류,된장찌개류,한식
584,호박잎된장국,국·탕류,된장국류,한식
585,홍합우거지국,국·탕류,된장국류,한식
586,양배추된장국,국·탕류,된장국류,한식
587,쑥된장국,국·탕류,된장국류,한식
588,열무된장국,국·탕류,된장국류,한식
589,올갱이국,국·탕류,된장국류,한식
590,유부된장국,국·탕류,된장국류,한식
591,재첩국,국·탕류,맑은국류,한식
592,머위국,국·탕류,맑은국류,한식
593,각재기국,국·탕류,맑은국류,한식
594,소고기배추된장국,국·탕류,된장국류,한식
595,애호박된장국,국·탕류,된장국류,한식
596,갈비탕,국·탕류,곰국·탕류,한식
597,감자탕,국·탕류,곰국·탕류,한식
598,곰탕,국·탕류,곰국·탕류,한식
599,꼬리곰탕,국·탕류,곰국·탕류,한식
600,꽃게탕,국·탕류,어패류탕,한식
601,내장탕,국·탕류,곰국·탕류,한식
602,도가니탕,국·탕류,곰국·탕류,한식
603,설렁탕,국·탕류,곰국·탕류,한식
604,우거지탕,국·탕류,곰국·탕류,한식
605,육개장,국·탕류,곰국·탕류,한식
606,해장국,국·탕류,곰국·탕류,한식
607,선지해장국,국·탕류,곰국·탕류,한식
608,뼈해장국,국·탕류,곰국·탕류,한식
609,올갱이해장국,국·탕류,곰국·탕류,한식
610,콩나물해장국,국·탕류,곰국·탕류,한식
611,황태해장국,국·탕류,곰국·탕류,한식
612,북어해장국,국·탕류,곰국·탕류,한식
613,감자국밥,국·탕류,국밥류,한식
614,순대국,국·탕류,국밥류,한식
615,돼지국밥,국·탕류,국밥류,한식
616,소머리국밥,국·탕류,국밥류,한식
617,내장국밥,국·탕류,국밥류,한식
618,해물탕,국·탕류,어패류탕,한식
619,아구탕,국·탕류,어패류탕,한식
620,동태탕,국·탕류,어패류탕,한식
621,대구탕,국·탕류,어패류탕,한식
622,복지리,국·탕류,어패류탕,한식
623,복매운탕,국·탕류,어패류탕,한식
624,매운탕,국·탕류,어패류탕,한식
625,추어탕,국·탕류,어패류탕,한식
626,장어탕,국·탕류,어패류탕,한식
627,메기탕,국·탕류,어패류탕,한식
628,붕어매운탕,국·탕류,어패류탕,한식
629,쏘가리매운탕,국·탕류,어패류탕,한식
630,꽃게매운탕,국·탕류,어패류탕,한식
631,버섯전골,전골류,전골류,한식
632,불고기전골,전골류,전골류,한식
633,샤브샤브,전골류,전골류,한식
634,곱창전골,전골류,전골류,한식
635,김치전골,전골류,전골류,한식
636,낙지전골,전골류,전골류,한식
637,버섯불고기전골,전골류,전골류,한식
638,소고기전골,전골류,전골류,한식
639,해물전골,전골류,전골류,한식
640,두부전골,전골류,전골류,한식
641,동태전골,전골류,전골류,한식
642,만두전골(소고기),전골류,전골류,한식
643,만두전골(김치),전골류,전골류,한식
644,알탕,찌개류,찌개류,한식
645,부대찌개,찌개류,찌개류,한식
646,참치찌개,찌개류,찌개류,한식
647,김치찌개,찌개류,찌개류,한식
648,꽁치김치찌개,찌개류,찌개류,한식
649,동태찌개,찌개류,찌개류,한식
650,두부찌개,찌개류,찌개류,한식
651,버섯찌개,찌개류,찌개류,한식
652,비지찌개,찌개류,찌개류,한식
653,삼겹살김치찌개,찌개류,찌개류,한식
654,애호박찌개,찌개류,찌개류,한식
655,청국장찌개,찌개류,찌개류,한식
656,차돌된장찌개,찌개류,된장찌개류,한식
657,우렁된장찌개,찌개류,된장찌개류,한식
658,차돌박이된장찌개,찌개류,된장찌개류,한식
659,냉이된장찌개,찌개류,된장찌개류,한식
660,순두부찌개(해물),찌개류,찌개류,한식
661,순두부찌개(돼지고기),찌개류,찌개류,한식
662,고추장찌개(돼지고기),찌개류,고추장찌개류,한식
663,고추장찌개(참치),찌개류,고추장찌개류,한식
664,꽁치고추장찌개,찌개류,고추장찌개류,한식
665,애호박고추장찌개,찌개류,고추장찌개류,한식
666,감자찌개,찌개류,찌개류,한식
667,콩나물찌개,찌개류,찌개류,한식
668,햄김치찌개,찌개류,찌개류,한식
669,갈비탕,국·탕류,곰국·탕류,한식
670,삼계탕,국·탕류,곰국·탕류,한식
671,닭곰탕,국·탕류,곰국·탕류,한식
672,오리탕,국·탕류,곰국·탕류,한식
673,토종닭백숙,국·탕류,곰국·탕류,한식
674,오리백숙,국·탕류,곰국·탕류,한식
675,닭한마리,국·탕류,곰국·탕류,한식
676,닭도리탕,국·탕류,곰국·탕류,한식
677,보신탕,국·탕류,곰국·탕류,한식
678,염소탕,국·탕류,곰국·탕류,한식
679,장어백숙,국·탕류,곰국·탕류,한식
680,해신탕,국·탕류,곰국·탕류,한식
681,코다리찜,찜류,어패류찜,한식
682,아귀찜,찜류,어패류찜,한식
683,해물찜,찜류,어패류찜,한식
684,대구뽈찜,찜류,어패류찜,한식
685,낙지찜,찜류,어패류찜,한식
686,꽃게찜,찜류,어패류찜,한식
687,전복찜,찜류,어패류찜,한식
688,문어숙회,찜류,어패류찜,한식
689,족발,찜류,육류찜,한식
690,보쌈,찜류,육류찜,한식
691,수육,찜류,육류찜,한식
692,편육,찜류,육류찜,한식
693,돼지고기편육,찜류,육류찜,한식
694,소고기수육,찜류,육류찜,한식
695,닭백숙,찜류,육류찜,한식
696,훈제오리,찜류,육류찜,한식
697,족편,찜류,육류찜,한식
698,수란,찜류,난류찜,한식
699,계란찜(간장),찜류,난류찜,한식
700,계란찜(치즈),찜류,난류찜,한식
701,코다리조림,조림류,어패류조림,한식
702,갈치조림,조림류,어패류조림,한식
703,고등어조림,조림류,어패류조림,한식
704,꽁치조림,조림류,어패류조림,한식
705,동태조림,조림류,어패류조림,한식
706,삼치조림,조림류,어패류조림,한식
707,아귀조림,조림류,어패류조림,한식
708,연근조림,조림류,채소류조림,한식
709,우엉조림,조림류,채소류조림,한식
710,감자조림,조림류,채소류조림,한식
711,두부조림,조림류,두류조림,한식
712,메추리알조림,조림류,난류조림,한식
713,장조림,조림류,육류조림,한식
714,소고기장조림,조림류,육류조림,한식
715,돼지고기장조림,조림류,육류조림,한식
716,닭장조림,조림류,육류조림,한식
717,코다리강정,튀김류,어패류튀김,한식
718,닭강정,튀김류,육류튀김,한식
719,깐풍기,튀김류,육류튀김,중식
720,탕수육,튀김류,육류튀김,중식
721,후라이드치킨,튀김류,육류튀김,한식
722,양념치킨,튀김류,육류튀김,한식
723,치킨너겟,튀김류,육류튀김,양식
724,새우튀김,튀김류,어패류튀김,일식
725,오징어튀김,튀김류,어패류튀김,한식
726,고구마튀김,튀김류,채소류튀김,한식
727,감자튀김,튀김류,채소류튀김,양식
728,김말이튀김,튀김류,기타튀김,한식
729,야채튀김,튀김류,채소류튀김,한식
730,쥐포튀김,튀김류,어패류튀김,한식
731,튀김만두,튀김류,만두튀김,중식
732,연근튀김,튀김류,채소류튀김,한식
733,은행튀김,튀김류,채소류튀김,한식
734,고추튀김,튀김류,채소류튀김,한식
735,닭껍질튀김,튀김류,육류튀김,한식
736,가지튀김,튀김류,채소류튀김,한식
737,아이스크림튀김,튀김류,디저트,일식
738,호박튀김,튀김류,채소류튀김,한식
739,새우볼튀김,튀김류,어패류튀김,중식
740,크림새우,튀김류,어패류튀김,중식
741,깐풍새우,튀김류,어패류튀김,중식
742,칠리새우,튀김류,어패류튀김,중식
743,닭똥집튀김,튀김류,육류튀김,한식
744,오징어링튀김,튀김류,어패류튀김,양식
745,꽃게튀김,튀김류,어패류튀김,한식
746,조기튀김,튀김류,어패류튀김,한식
747,전어튀김,튀김류,어패류튀김,한식
748,대구튀김,튀김류,어패류튀김,한식
749,미꾸라지튀김,튀김류,어패류튀김,한식
750,장어튀김,튀김류,어패류튀김,일식
751,생선까스,튀김류,어패류튀김,일식
752,돈까스,튀김류,육류튀김,일식
753,치즈돈까스,튀김류,육류튀김,일식
754,치킨까스,튀김류,육류튀김,일식
755,고로케튀김,튀김류,기타튀김,일식
756,멘치까스,튀김류,육류튀김,일식
757,감자고로케,튀김류,기타튀김,일식
758,해물까스,튀김류,어패류튀김,일식
759,새우까스,튀김류,어패류튀김,일식
760,호박고로케,튀김류,기타튀김,일식
761,어니언링튀김,튀김류,채소류튀김,양식
762,닭날개튀김,튀김류,육류튀김,한식
763,닭다리튀김,튀김류,육류튀김,한식
764,닭가슴살튀김,튀김류,육류튀김,한식
765,생선튀김,튀김류,어패류튀김,한식
766,갈치튀김,튀김류,어패류튀김,한식
767,고등어튀김,튀김류,어패류튀김,한식
768,코다리튀김,튀김류,어패류튀김,한식
769,미역튀김,튀김류,채소류튀김,한식
770,깻잎튀김,튀김류,채소류튀김,한식
771,버섯튀김,튀김류,채소류튀김,한식
772,브로콜리튀김,튀김류,채소류튀김,양식
773,연어튀김,튀김류,어패류튀김,양식
774,두부튀김,튀김류,두류튀김,한식
775,탕후루,튀김류,디저트,아시아
776,산적튀김,튀김류,기타튀김,한식
777,어묵튀김,튀김류,어패류튀김,한식
778,계란튀김,튀김류,난류튀김,한식
779,베이컨튀김,튀김류,육류튀김,양식
780,햄튀김,튀김류,육류튀김,양식
781,유린기,튀김류,육류튀김,중식
782,칠리치킨,튀김류,육류튀김,중식
783,치킨텐더,튀김류,육류튀김,양식
784,닭강정(매운),튀김류,육류튀김,한식
785,닭강정(간장),튀김류,육류튀김,한식
786,고추바사삭치킨,튀김류,육류튀김,한식
787,마늘치킨,튀김류,육류튀김,한식
788,파닭,튀김류,육류튀김,한식
789,양념닭날개,튀김류,육류튀김,한식
790,간장닭날개,튀김류,육류튀김,한식
791,닭봉튀김,튀김류,육류튀김,한식
792,허니버터치킨,튀김류,육류튀김,한식
793,닭가슴살강정,튀김류,육류튀김,한식
794,치킨볼,튀김류,육류튀김,양식
795,치킨팝콘,튀김류,육류튀김,양식
796,닭껍질강정,튀김류,육류튀김,한식
797,닭똥집강정,튀김류,육류튀김,한식
798,치즈볼,튀김류,디저트,한식
799,고구마볼,튀김류,디저트,한식
800,감자볼,튀김류,디저트,한식
801,주꾸미샤브샤브,전골류,전골류,한식
802,꿩샤브샤브,전골류,전골류,한식
803,만두전골,전골류,전골류,한식
804,갈낙전골,전골류,전골류,한식
805,밀푀유나베,전골류,전골류,일식
806,아귀전골,전골류,전골류,한식
807,오리전골,전골류,전골류,한식
808,전모듬전골,전골류,전골류,한식
809,양송이버섯찌개,찌개류,찌개류,한식
810,섞어찌개,찌개류,찌개류,한식
811,순두부찌개,찌개류,찌개류,한식
812,연두부찌개,찌개류,찌개류,한식
813,콩비지찌개,찌개류,찌개류,한식
814,고추장찌개,찌개류,고추장찌개류,한식
815,두부고추장찌개,찌개류,고추장찌개류,한식
816,콩나물찌개,찌개류,찌개류,한식
817,호박고추장찌개,찌개류,고추장찌개류,한식
818,가오리찜,찜류,어패류찜,한식
819,가자미찜,찜류,어패류찜,한식
820,갈치찜,찜류,어패류찜,한식
821,고등어찜,찜류,어패류찜,한식
822,꼬막찜,찜류,어패류찜,한식
823,꽃게찜,찜류,어패류찜,한식
824,대구찜,찜류,어패류찜,한식
825,대합찜,찜류,어패류찜,한식
826,도미찜,찜류,어패류찜,한식
827,동태찜,찜류,어패류찜,한식
828,망둥어찜,찜류,어패류찜,한식
829,미더덕찜,찜류,어패류찜,한식
830,바지락찜,찜류,어패류찜,한식
831,북어찜,찜류,어패류찜,한식
832,아구찜,찜류,어패류찜,한식
833,알찜,찜류,어패류찜,한식
834,오징어순대,찜류,어패류찜,한식
835,오징어찜,찜류,어패류찜,한식
836,우럭찜,찜류,어패류찜,한식
837,자반고등어찜,찜류,어패류찜,한식
838,조기찜,찜류,어패류찜,한식
839,참치계란찜,찜류,기타찜,한식
840,홍어찜,찜류,어패류찜,한식
841,붕어찜,찜류,어패류찜,한식
842,잉어찜,찜류,어패류찜,한식
843,전갱이찜,찜류,어패류찜,한식
844,정어리찜,찜류,어패류찜,한식
845,가리비찜,찜류,어패류찜,한식
846,문어찜,찜류,어패류찜,한식
847,고둥찜,찜류,어패류찜,한식
848,홍합찜,찜류,어패류찜,한식
849,랍스터찜,찜류,어패류찜,양식
850,닭찜,찜류,육류찜,한식
851,도가니수육,찜류,육류찜,한식
852,돼지갈비찜,찜류,육류찜,한식
853,돼지고기찜,찜류,육류찜,한식
854,쇠고기찜,찜류,육류찜,한식
855,간장찜닭,찜류,육류찜,한식
856,깻잎찜,찜류,채소류찜,한식
857,애호박찜,찜류,채소류찜,한식
858,양배추찜,찜류,채소류찜,한식
859,가지찜,찜류,채소류찜,한식
860,계란찜,찜류,난류찜,한식
861,두부찜,찜류,두류찜,한식
862,순대,기타,기타,한식
863,꽁치구이,구이류,어패류구이,한식
864,넙치구이,구이류,어패류구이,한식
865,도미구이,구이류,어패류구이,일식
866,명태구이,구이류,어패류구이,한식
867,민어구이,구이류,어패류구이,한식
868,병어구이,구이류,어패류구이,한식
869,볼락구이,구이류,어패류구이,한식
870,삼치구이,구이류,어패류구이,한식
871,연어구이,구이류,어패류구이,일식
872,오징어양념구이,구이류,어패류구이,한식
873,임연수구이,구이류,어패류구이,한식
874,장어구이,구이류,어패류구이,일식
875,전어구이,구이류,어패류구이,한식
876,조기구이,구이류,어패류구이,한식
877,참치구이,구이류,어패류구이,일식
878,청어구이,구이류,어패류구이,한식
879,꼬치고기,구이류,육류구이,한식
880,농어구이,구이류,어패류구이,한식
881,대구구이,구이류,어패류구이,한식
882,명태구이,구이류,어패류구이,한식
883,코다리구이,구이류,어패류구이,한식
884,방어구이,구이류,어패류구이,일식
885,붕어구이,구이류,어패류구이,한식
886,빙어구이,구이류,어패류구이,한식
887,송어구이,구이류,어패류구이,양식
888,숭어구이,구이류,어패류구이,한식
889,은어구이,구이류,어패류구이,일식
890,은어내장구이,구이류,어패류구이,일식
891,점줄우럭구이,구이류,어패류구이,한식
892,정어리구이,구이류,어패류구이,한식
893,참다랑어구이,구이류,어패류구이,일식
894,홍연어구이,구이류,어패류구이,일식
895,황새치구이,구이류,어패류구이,일식
896,백합구이,구이류,어패류구이,한식
897,홍합구이,구이류,어패류구이,한식
898,조개구이,구이류,어패류구이,한식
899,키조개구이,구이류,어패류구이,한식
900,삼치카레구이,구이류,어패류구이,일식
901,황태구이,구이류,어패류구이,한식
902,전갱이구이,구이류,어패류구이,일식
903,전복버터구이,구이류,어패류구이,양식
904,갈매기살구이,구이류,육류구이,한식
905,갈비구이,구이류,육류구이,한식
906,내장구이,구이류,육류구이,한식
907,닭갈비,구이류,육류구이,한식
908,닭불고기,구이류,육류구이,한식
909,돼지고기구이,구이류,육류구이,한식
910,돼지불고기,구이류,육류구이,한식
911,불고기,구이류,육류구이,한식
912,삼겹살구이,구이류,육류구이,한식
913,쇠고기산적,구이류,육류구이,한식
914,쇠등심구이,구이류,육류구이,한식
915,오리고기로스,구이류,육류구이,한식
916,칠면조구이,구이류,육류구이,양식
917,통닭구이,구이류,육류구이,한식
918,햄구이,구이류,육류구이,양식
919,찹스테이크,구이류,육류구이,양식
920,닭구이,구이류,육류구이,한식
921,등갈비구이,구이류,육류구이,한식
922,안심스테이크,구이류,육류구이,양식
923,치마살구이,구이류,육류구이,한식
924,꽃갈비살구이,구이류,육류구이,한식
925,대패삼겹살구이,구이류,육류구이,한식
926,삼겹살고추장구이,구이류,육류구이,한식
927,닭고기대파꼬치구이,구이류,육류구이,일식
928,소곱창구이,구이류,육류구이,한식
929,치킨데리야끼,구이류,육류구이,일식
930,찹스테이크(300g),구이류,육류구이,양식
931,간장양념닭다리구이,구이류,육류구이,한식
932,돼지고기산적,구이류,육류구이,한식
933,떡갈비,구이류,육류구이,한식
934,돼지갈비구이,구이류,육류구이,한식
935,감자구이,구이류,채소류구이,한식
936,김구이,구이류,기타구이,한식
937,더덕구이,구이류,채소류구이,한식
938,도라지구이,구이류,채소류구이,한식
939,두부양념구이,구이류,두류구이,한식
940,떡고치구이,구이류,기타구이,한식
941,옥수수구이,구이류,채소류구이,한식
942,우엉구이,구이류,채소류구이,한식
943,새송이버섯구이,구이류,채소류구이,한식
944,파래김구이,구이류,기타구이,한식
945,베이컨말이떡구이,구이류,기타구이,한식
946,콘치즈구이,구이류,기타구이,한식
947,타코야끼,구이류,기타구이,일식
948,버섯구이,구이류,채소류구이,한식
949,굴전,전·부침류,어패류전,한식
950,맛살전,전·부침류,어패류전,한식
951,새우전,전·부침류,어패류전,한식
952,어묵전,전·부침류,어패류전,한식
953,오징어옥수수전,전·부침류,어패류전,한식
954,전유어(동태전),전·부침류,어패류전,한식
955,조개파전,전·부침류,어패류전,한식
956,해물채소전,전·부침류,어패류전,한식
957,해물파전,전·부침류,어패류전,한식
958,홍합쑥갓전,전·부침류,어패류전,한식
959,오코노미야끼,전·부침류,기타전,일식
960,해물완자전,전·부침류,어패류전,한식
961,주꾸미야채전,전·부침류,어패류전,한식
962,치즈야채생선전,전·부침류,어패류전,한식
963,돼지고기완자전,전·부침류,육류전,한식
964,쇠간전,전·부침류,육류전,한식
965,쇠고기완자전,전·부침류,육류전,한식
966,천엽전,전·부침류,육류전,한식
967,참치완자전,전·부침류,어패류전,한식
968,소고기육전,전·부침류,육류전,한식
969,닭가슴살연근전,전·부침류,육류전,한식
970,가지전,전·부침류,채소류전,한식
971,감자채전,전·부침류,채소류전,한식
972,김치빈대떡,전·부침류,채소류전,한식
973,김치전,전·부침류,채소류전,한식
974,깻잎전,전·부침류,채소류전,한식
975,녹두전,전·부침류,채소류전,한식
976,더덕산적,전·부침류,기타전,한식
977,두릅적,전·부침류,채소류전,한식
978,두부빈대떡,전·부침류,두류전,한식
979,버섯전,전·부침류,채소류전,한식
980,부추전,전·부침류,채소류전,한식
981,부추파전,전·부침류,채소류전,한식
982,야채전,전·부침류,채소류전,한식
983,양파전,전·부침류,채소류전,한식
984,연근전,전·부침류,채소류전,한식
985,파전,전·부침류,채소류전,한식
986,풋고추표고전,전·부침류,채소류전,한식
987,호박전,전·부침류,채소류전,한식
988,화양적,전·부침류,기타전,한식
989,느타리산적,전·부침류,기타전,한식
990,쑥전,전·부침류,채소류전,한식
991,옥수수전,전·부침류,채소류전,한식
992,취나물전,전·부침류,채소류전,한식
993,풋고추전,전·부침류,채소류전,한식
994,배추전,전·부침류,채소류전,한식
995,김치메밀전병,전·부침류,기타전,한식
996,갈은감자전,전·부침류,채소류전,한식
997,메밀전,전·부침류,곡류전,한식
998,감자치즈전,전·부침류,채소류전,한식
999,계란스크램블,전·부침류,난류,양식
1000,계란오믈렛,전·부침류,난류,양식
1001,계란햄오믈렛,전·부침류,난류,양식
1002,계란말이,전·부침류,난류,한식
1003,계란채소말이,전·부침류,난류,한식
1004,계란햄말이,전·부침류,난류,한식
1005,계란후라이,전·부침류,난류,양식
1006,햄부침,전·부침류,육류전,한식
1007,고구마전,전·부침류,채소류전,한식
1008,홍어부침개,전·부침류,어패류전,한식
1009,달걀김말이,전·부침류,난류,한식
1010,토마토스크램블,전·부침류,난류,양식
1011,햄채소전,전·부침류,육류전,한식
1012,두부부침,전·부침류,두류전,한식
1013,두부전,전·부침류,두류전,한식
1014,떡산적,전·부침류,기타전,한식
1015,건꼴뚜기볶음,볶음류,어패류볶음,한식
1016,건새우볶음,볶음류,어패류볶음,한식
1017,건새우케찹볶음,볶음류,어패류볶음,한식
1018,고추멸치볶음,볶음류,어패류볶음,한식
1019,낙지볶음,볶음류,어패류볶음,한식
1020,마늘쫑어묵볶음,볶음류,어패류볶음,한식
1021,멸치야채볶음,볶음류,어패류볶음,한식
1022,문어볶음,볶음류,어패류볶음,한식
1023,잔멸치간장볶음,볶음류,어패류볶음,한식
1024,쥐포볶음,볶음류,어패류볶음,한식
1025,참치김치볶음,볶음류,어패류볶음,한식
1026,참치야채볶음,볶음류,어패류볶음,한식
1027,호박홍합볶음,볶음류,어패류볶음,한식
1028,감자멸치볶음,볶음류,어패류볶음,한식
1029,껍질콩맛살볶음,볶음류,어패류볶음,한식
1030,멸치풋고추볶음,볶음류,어패류볶음,한식
1031,멸치마늘쫑볶음,볶음류,어패류볶음,한식
1032,주꾸미볶음,볶음류,어패류볶음,한식
1033,새우감바스,볶음류,어패류볶음,양식
1034,꽈리고추멸치볶음,볶음류,어패류볶음,한식
1035,주꾸미양배추볶음,볶음류,어패류볶음,한식
1036,멸치견과류간장볶음,볶음류,어패류볶음,한식
1037,멸치견과류고추장볶음,볶음류,어패류볶음,한식
1038,곱창볶음,볶음류,육류볶음,한식
1039,김치소세지볶음,볶음류,육류볶음,한식
1040,닭고추장볶음,볶음류,육류볶음,한식
1041,닭떡볶음,볶음류,육류볶음,한식
1042,닭볶음,볶음류,육류볶음,한식
1043,닭살야채볶음,볶음류,육류볶음,한식
1044,돈육두루치기,볶음류,육류볶음,한식
1045,돼지고기고추장볶음,볶음류,육류볶음,한식
1046,돼지고기김치볶음,볶음류,육류볶음,한식
1047,돼지고기볶음,볶음류,육류볶음,한식
1048,돼지고기야채볶음,볶음류,육류볶음,한식
1049,돼지곱창볶음,볶음류,육류볶음,한식
1050,베이컨볶음,볶음류,육류볶음,양식
1051,소간야채볶음,볶음류,육류볶음,한식
1052,소세지야채볶음,볶음류,육류볶음,한식
1053,쇠고기고추장볶음,볶음류,육류볶음,한식
1054,쇠고기마늘볶음,볶음류,육류볶음,한식
1055,쇠고기버섯볶음,볶음류,육류볶음,한식
1056,쇠고기볶음,볶음류,육류볶음,한식
1057,쇠고기야채볶음,볶음류,육류볶음,한식
1058,쇠고기오이볶음,볶음류,육류볶음,한식
1059,쇠고기표고볶음,볶음류,육류볶음,한식
1060,철판구이볶음,볶음류,기타볶음,한식
1061,칠면조볶음,볶음류,육류볶음,양식
1062,햄김치볶음,볶음류,육류볶음,한식
1063,햄야채볶음,볶음류,육류볶음,한식
1064,돼지고기오징어볶음,볶음류,육류볶음,한식
1065,순대볶음,볶음류,기타볶음,한식
1066,삼겹살낙지볶음,볶음류,육류볶음,한식
1067,오리불고기,볶음류,육류볶음,한식
1068,부추달걀볶음,볶음류,난류볶음,한식
1069,콩나물불고기,볶음류,육류볶음,한식
1070,불족발,볶음류,육류볶음,한식
1071,닭발볶음,볶음류,육류볶음,한식
1072,묵은지삼겹살볶음,볶음류,육류볶음,한식
1073,곱창청양고추볶음,볶음류,육류볶음,한식
1074,곱창순대볶음,볶음류,육류볶음,한식
1075,곱창순대양념볶음,볶음류,육류볶음,한식
1076,죽순쇠고기볶음,볶음류,육류볶음,한식
1077,가지볶음,볶음류,채소류볶음,한식
1078,감자야채볶음,볶음류,채소류볶음,한식
1079,감자어묵볶음,볶음류,채소류볶음,한식
1080,감자채볶음,볶음류,채소류볶음,한식
1081,감자풋고추볶음,볶음류,채소류볶음,한식
1082,감자햄볶음,볶음류,채소류볶음,한식
1083,고구마줄기볶음,볶음류,채소류볶음,한식
1084,고비볶음,볶음류,채소류볶음,한식
1085,고사리볶음,볶음류,채소류볶음,한식
1086,고춧잎볶음,볶음류,채소류볶음,한식
1087,근대볶음,볶음류,채소류볶음,한식
1088,김치볶음,볶음류,채소류볶음,한식
1089,깻잎나물볶음,볶음류,채소류볶음,한식
1090,느타리버섯볶음,볶음류,채소류볶음,한식
1091,도라지볶음,볶음류,채소류볶음,한식
1092,마늘쫑볶음,볶음류,채소류볶음,한식
1093,무청볶음,볶음류,채소류볶음,한식
1094,미역줄기볶음,볶음류,채소류볶음,한식
1095,미역줄기잡채,볶음류,채소류볶음,한식
1096,버섯볶음,볶음류,채소류볶음,한식
1097,버섯채소볶음,볶음류,채소류볶음,한식
1098,부추볶음,볶음류,채소류볶음,한식
1099,야채볶음,볶음류,채소류볶음,한식
1100,양파볶음,볶음류,채소류볶음,한식